id,first_name,last_name,email,date_of_birth
Smith_65f26,Patty,Smith,Patty_Smith@ross.com,19752727
Wang_0fa57,Sean,Wang,Sean_Wang@gibson-calderon.com,19601111
Estrada_71156,Richard,Estrada,Richard_Estrada@malone.com,19921515
Cline_23006,Jackson,Cline,Jackson_Cline@hudson.net,19712121
Williams_e4a9d,Allen,Williams,Allen_Williams@sanchez.net,19970909
Flores_85b5e,Eric,Flores,Eric_Flores@dillon-patterson.com,19820707
Richardson_2be57,Anna,Richardson,Anna_Richardson@perry.com,19672323
Gomez_ef9a3,Taylor,Gomez,Taylor_Gomez@johnston.com,19822222
Rodriguez_ce887,Jeremy,Rodriguez,Jeremy_Rodriguez@roth.com,19782828
Garcia_14e64,April,Garcia,April_Garcia@hall.com,19873131
Garza_c3346,Sharon,Garza,Sharon_Garza@duran.com,20023030
Sanchez_69c1e,Lori,Sanchez,Lori_Sanchez@hardin-warner.net,19982020
Armstrong_f6238,Jason,Armstrong,Jason_Armstrong@curtis.com,19921616
Allison_63829,Jessica,Allison,Jessica_Allison@harper.com,19723030
Hall_9fff7,Arthur,Hall,Arthur_Hall@gonzalez.com,19941111
Meza_e4a9d,Sherry,Meza,Sherry_Meza@west.com,19970909
Turner_0303a,Matthew,Turner,Matthew_Turner@martinez.com,19940707
Randolph_42a4f,Sophia,Randolph,Sophia_Randolph@leonard-ramirez.com,19500707
Thompson_d0425,Samuel,Thompson,Samuel_Thompson@sanchez-carroll.com,19840404
Lee_b6ecc,Zachary,Lee,Zachary_Lee@smith.com,19870404
Pittman_e7b35,Kara,Pittman,Kara_Pittman@gomez-vaughn.com,19682525
Anthony_afc91,Gabriella,Anthony,Gabriella_Anthony@castro.com,19970606
Cantrell_b19eb,Misty,Cantrell,Misty_Cantrell@flores-decker.com,19570303
Guerrero_2a6a9,Kelly,Guerrero,Kelly_Guerrero@riggs.com,19970303
Nichols_e7ea8,David,Nichols,David_Nichols@rocha.com,19621919
Galloway_fa205,Shawn,Galloway,Shawn_Galloway@johnston.com,19851919
Sanford_740aa,Dennis,Sanford,Dennis_Sanford@lopez-archer.com,19800606
Murphy_3a2fa,Amanda,Murphy,Amanda_Murphy@bright-gibbs.net,20003030
Martin_bd12f,Bobby,Martin,Bobby_Martin@jackson.com,20003131
Bishop_76e77,Vernon,Bishop,Vernon_Bishop@clark-larson.com,19731010
Meyers_273d7,Phillip,Meyers,Phillip_Meyers@mcneil-williams.com,19602222
Martin_514d3,Robert,Martin,Robert_Martin@crawford.com,19501818
Taylor_bf0d5,William,Taylor,William_Taylor@warner-morgan.net,19863131
Brady_0d62f,Michael,Brady,Michael_Brady@wells-sanders.com,19502323
Rhodes_df266,James,Rhodes,James_Rhodes@green.com,19771010
Ramirez_950c4,Ryan,Ramirez,Ryan_Ramirez@pham.com,19852525
Thompson_10068,Stephen,Thompson,Stephen_Thompson@hess.com,19511212
Williams_2abce,Susan,Williams,Susan_Williams@rowland.com,19760505
Johnson_b7f2f,Dylan,Johnson,Dylan_Johnson@montgomery.com,19960707
King_2303a,Pamela,King,Pamela_King@soto.net,19932929
Smith_3fc08,Robert,Smith,Robert_Smith@joyce.com,19872424
Gonzalez_a9532,Samantha,Gonzalez,Samantha_Gonzalez@rios-fletcher.com,19982929
Walker_1f2dc,Jeffery,Walker,Jeffery_Walker@watson.com,19562424
Alvarez_d0a49,Todd,Alvarez,Todd_Alvarez@vaughn.com,19742525
Willis_8b819,Brett,Willis,Brett_Willis@gibbs.com,19610808
Wilkins_16b5c,Kristin,Wilkins,Kristin_Wilkins@harvey.com,20021111
Lynch_6472c,Joshua,Lynch,Joshua_Lynch@daniels.com,19652626
Williams_7b802,Deborah,Williams,Deborah_Williams@howard.com,19842121
Martin_a4c4d,Timothy,Martin,Timothy_Martin@camacho-sparks.net,20030101
Bright_bd5f4,Sarah,Bright,Sarah_Bright@winters.com,19981515
Anderson_00760,Rebecca,Anderson,Rebecca_Anderson@carter-ramirez.com,19732727
Frost_1a06c,Roger,Frost,Roger_Frost@cole-robinson.com,19701717
Dunn_1ec9b,Eric,Dunn,Eric_Dunn@reese.com,19600707
Pierce_9f7c6,Heather,Pierce,Heather_Pierce@williams-edwards.com,19571313
Erickson_8ece1,Jordan,Erickson,Jordan_Erickson@martinez.com,19750202
Ali_c0e4a,Susan,Ali,Susan_Ali@leach.com,19990505
Wilson_8fdba,Richard,Wilson,Richard_Wilson@hernandez.com,19990303
Butler_12cfd,Jon,Butler,Jon_Butler@blackwell.com,19871818
Phillips_24d37,Paul,Phillips,Paul_Phillips@vance.com,19971616
Parker_d22ec,Adam,Parker,Adam_Parker@yoder.com,19982222
Walker_d9774,Cory,Walker,Cory_Walker@torres.net,19620808
Sanchez_7fb19,Jeffrey,Sanchez,Jeffrey_Sanchez@jones-butler.com,19951414
Martin_c83a3,Bianca,Martin,Bianca_Martin@mitchell.com,19780505
King_a7f52,Jeffrey,King,Jeffrey_King@hicks-boyd.com,19772323
Wiggins_33bb5,Melanie,Wiggins,Melanie_Wiggins@mcdonald-rice.com,20001414
Smith_63f0c,Daniel,Smith,Daniel_Smith@cummings.com,19860808
Lawrence_7e3e3,Scott,Lawrence,Scott_Lawrence@aguilar.com,19760404
Sosa_d9291,James,Sosa,James_Sosa@robles-hawkins.com,19571111
Jackson_b51fa,Jamie,Jackson,Jamie_Jackson@carr.com,19772626
Hatfield_cddce,Jeffrey,Hatfield,Jeffrey_Hatfield@morgan-erickson.com,19701414
Phillips_f7435,James,Phillips,James_Phillips@green-taylor.com,19611919
Moore_c0e4a,Jessica,Moore,Jessica_Moore@harrison-bautista.com,19990505
Anderson_232cc,Richard,Anderson,Richard_Anderson@peck-franklin.com,19700505
Hahn_7ab15,Lauren,Hahn,Lauren_Hahn@simmons.com,19722020
Edwards_b51fa,Faith,Edwards,Faith_Edwards@price.net,19772626
Vargas_df266,Laura,Vargas,Laura_Vargas@gallagher-young.com,19771010
Lewis_69f5d,Sarah,Lewis,Sarah_Lewis@wyatt.com,19812525
Huff_c1642,Brad,Huff,Brad_Huff@moore.com,19612727
Richardson_36198,Alexander,Richardson,Alexander_Richardson@perez.com,19582525
Moore_4788f,Matthew,Moore,Matthew_Moore@nichols.com,20030707
Howard_2326d,Joseph,Howard,Joseph_Howard@williams.com,19522626
Richards_e4091,Anne,Richards,Anne_Richards@mccarthy.com,19690909
Thomas_09b1d,Derek,Thomas,Derek_Thomas@green.com,19642424
Bonilla_d61f9,Joseph,Bonilla,Joseph_Bonilla@freeman.com,19740808
Barber_d56a2,Gary,Barber,Gary_Barber@roberts.net,19551212
Johnson_0dc40,Brian,Johnson,Brian_Johnson@carr.com,19811717
Peterson_546ea,Christine,Peterson,Christine_Peterson@hamilton.com,19741919
Bautista_42753,Christopher,Bautista,Christopher_Bautista@rodgers.com,19941212
Krueger_a9012,Barbara,Krueger,Barbara_Krueger@strong.com,19522222
Oconnor_6a550,Monica,Oconnor,Monica_Oconnor@gordon.com,19800707
Johnson_11429,Peggy,Johnson,Peggy_Johnson@berg.com,19722828
Herrera_babca,Susan,Herrera,Susan_Herrera@gomez.com,19552626
Matthews_2ae44,Andrew,Matthews,Andrew_Matthews@ramos-vaughn.com,19881919
Kennedy_773eb,Erin,Kennedy,Erin_Kennedy@hendricks-mason.com,19650909
Lopez_98f4a,Jason,Lopez,Jason_Lopez@wood-hill.com,19743030
Clark_1f2cc,Jerry,Clark,Jerry_Clark@perez.com,19952828
Kim_ffb6c,Alyssa,Kim,Alyssa_Kim@beck-zuniga.com,19900808
Williams_e4842,Courtney,Williams,Courtney_Williams@garner.com,19991919
Nelson_a41d2,Matthew,Nelson,Matthew_Nelson@hunt.com,19582727
Moore_516fa,Robert,Moore,Robert_Moore@young.com,19551515
Mcgee_84007,Nicole,Mcgee,Nicole_Mcgee@reyes.com,19590303
Hunter_19c19,Danielle,Hunter,Danielle_Hunter@ballard.com,19711111
Perez_d86d1,Kelly,Perez,Kelly_Perez@ward-wilson.com,19601919
Odom_a9238,Mary,Odom,Mary_Odom@morgan-reynolds.com,19631313
Gibson_6b32f,Arthur,Gibson,Arthur_Gibson@thompson-thompson.com,19610606
Miller_b0d3f,Christopher,Miller,Christopher_Miller@kelly.com,19853131
Hopkins_f7cf3,Amber,Hopkins,Amber_Hopkins@hall.com,19753131
Garcia_c3945,Nancy,Garcia,Nancy_Garcia@lewis-hayden.com,19680505
Rhodes_70a6e,Alex,Rhodes,Alex_Rhodes@russell.net,19781313
Bennett_bb5e7,Daniel,Bennett,Daniel_Bennett@stephens-oneill.com,19732828
Woodard_3bd6f,Kevin,Woodard,Kevin_Woodard@lynch.com,19550909
Peterson_495f3,Alan,Peterson,Alan_Peterson@burch.com,19762929
Grant_7969b,Jacob,Grant,Jacob_Grant@cummings.com,19910404
Johnson_5836e,Gabrielle,Johnson,Gabrielle_Johnson@serrano.com,19581010
Morales_5c57b,Caleb,Morales,Caleb_Morales@collins.com,19662929
Dominguez_8412e,James,Dominguez,James_Dominguez@black.com,19880505
Cardenas_c2800,Kathryn,Cardenas,Kathryn_Cardenas@skinner.com,19830808
Santiago_5a5db,Jeffrey,Santiago,Jeffrey_Santiago@duncan.com,19752828
Mclaughlin_d28aa,Andrew,Mclaughlin,Andrew_Mclaughlin@fitzpatrick-lucas.com,19731414
Porter_a5ec6,Bryan,Porter,Bryan_Porter@elliott.com,19571414
Smith_c547a,Brendan,Smith,Brendan_Smith@williams.com,19581616
Hernandez_e259b,Jeffrey,Hernandez,Jeffrey_Hernandez@mcdaniel.com,19893131
Miller_d4f76,Michael,Miller,Michael_Miller@taylor-moore.com,19642020
Newman_6e90b,Theresa,Newman,Theresa_Newman@perry-scott.com,19942929
Romero_1ec9b,Paul,Romero,Paul_Romero@middleton-jones.com,19600707
Choi_bdd0a,Janet,Choi,Janet_Choi@neal.com,19861818
Bender_ff6e9,Mark,Bender,Mark_Bender@oneal-wilkins.com,19691111
Brown_650cc,Abigail,Brown,Abigail_Brown@jones-underwood.com,19801010
Dominguez_bfdb2,Antonio,Dominguez,Antonio_Dominguez@nichols.com,19801515
Morris_232cc,Tony,Morris,Tony_Morris@davis.com,19700505
Carlson_34b40,Randy,Carlson,Randy_Carlson@rivera.com,19553030
Pierce_3828e,Mitchell,Pierce,Mitchell_Pierce@houston-conway.net,20012424
West_0f770,Angela,West,Angela_West@anderson-fitzgerald.com,19812727
Peters_0ceca,Kevin,Peters,Kevin_Peters@edwards.com,19670202
Conway_08618,Benjamin,Conway,Benjamin_Conway@burton-paul.com,19552828
Stewart_debb1,Andrew,Stewart,Andrew_Stewart@wong.com,19510202
Jones_b97cf,Brenda,Jones,Brenda_Jones@lang.com,19550404
Bailey_5c8a5,Elizabeth,Bailey,Elizabeth_Bailey@stephenson-arnold.com,19630101
Levy_06b6b,Kelly,Levy,Kelly_Levy@barajas.com,19940505
Burton_fe0c2,Thomas,Burton,Thomas_Burton@dunn-avery.net,19751919
Peterson_87cc6,Paul,Peterson,Paul_Peterson@bullock.com,20022525
Reilly_0814a,Michael,Reilly,Michael_Reilly@cooper.net,19721414
Martinez_470f6,Alejandra,Martinez,Alejandra_Martinez@jones.com,19792121
Sanders_5fab2,Timothy,Sanders,Timothy_Sanders@harrell.com,19520303
Little_52354,Latoya,Little,Latoya_Little@martinez.com,19780808
Harvey_5d4a5,Sarah,Harvey,Sarah_Harvey@martin-smith.com,19603131
Ortiz_78d47,Melissa,Ortiz,Melissa_Ortiz@lee-malone.com,19582929
Hernandez_4e4fc,Brooke,Hernandez,Brooke_Hernandez@benitez.com,19911414
Livingston_0d62f,Lisa,Livingston,Lisa_Livingston@glover.com,19502323
Mason_70a6e,Eugene,Mason,Eugene_Mason@gardner.com,19781313
Cunningham_4710b,Daniel,Cunningham,Daniel_Cunningham@cooper.com,19732626
Smith_dc3fc,Alex,Smith,Alex_Smith@johnson.com,20020303
Vargas_0dc40,Jessica,Vargas,Jessica_Vargas@miller-price.net,19811717
Clark_0d902,Olivia,Clark,Olivia_Clark@wade-roberson.com,19740101
Carney_fcdc0,Cathy,Carney,Cathy_Carney@williams.net,19972222
Baldwin_cc12f,Haley,Baldwin,Haley_Baldwin@bush-wolfe.com,19651313
Wilson_51998,Alexander,Wilson,Alexander_Wilson@barron-garcia.com,19881111
Cole_366e0,April,Cole,April_Cole@vargas.com,19612222
Riley_e410a,Holly,Riley,Holly_Riley@stokes.com,19742828
Poole_00bbc,Jeffrey,Poole,Jeffrey_Poole@cross.com,19570404
Poole_3c030,Rachel,Poole,Rachel_Poole@jones.net,19760707
Ward_4710b,Sheena,Ward,Sheena_Ward@wilson-mcbride.com,19732626
Smith_6297a,Cynthia,Smith,Cynthia_Smith@smith.com,19510909
Clayton_da17e,Kevin,Clayton,Kevin_Clayton@miller.com,19750707
Coleman_0190e,Sarah,Coleman,Sarah_Coleman@novak.com,19501919
Becker_916e8,Cody,Becker,Cody_Becker@hansen.com,19601616
Miller_3db6a,Molly,Miller,Molly_Miller@king-kelly.net,19771111
Bailey_bfd8b,Craig,Bailey,Craig_Bailey@hancock-brown.com,19971313
Gray_e682f,Patricia,Gray,Patricia_Gray@dawson.com,19661919
Rivera_22db7,Robert,Rivera,Robert_Rivera@gibson.com,19502222
Lewis_20e65,Michelle,Lewis,Michelle_Lewis@wiggins-thornton.com,19832121
Owens_8f8e8,John,Owens,John_Owens@callahan.com,19672424
Smith_c24c7,Sarah,Smith,Sarah_Smith@kirk.com,19680404
Lucas_b4b57,Nancy,Lucas,Nancy_Lucas@aguilar.com,19830707
Murray_8532f,Christina,Murray,Christina_Murray@collins-day.com,19791717
Berry_0303a,Emma,Berry,Emma_Berry@charles.com,19940707
Gross_12aba,Christopher,Gross,Christopher_Gross@grimes.net,20031414
Hawkins_6a9d2,Jason,Hawkins,Jason_Hawkins@adams-hunter.com,19540101
Rodriguez_aa6e5,Jeffrey,Rodriguez,Jeffrey_Rodriguez@johnson-white.com,19691818
Miller_acd4c,Christina,Miller,Christina_Miller@marshall-lucas.com,19532525
Miller_ff1ad,Maria,Miller,Maria_Miller@roberts.com,19942121
Davis_3a81f,Eileen,Davis,Eileen_Davis@knox.com,19520404
Miller_8aad0,Harry,Miller,Harry_Miller@warner-jackson.com,19891313
Montes_be736,Ellen,Montes,Ellen_Montes@sellers.com,19611414
Mclean_c9547,Gregory,Mclean,Gregory_Mclean@valencia.com,19610101
Spencer_74092,Angela,Spencer,Angela_Spencer@lopez.com,19980202
Price_6401e,Christina,Price,Christina_Price@kennedy-tran.com,19860505
Randall_e54cd,Amber,Randall,Amber_Randall@boyd-freeman.net,19521010
Morris_f9657,Matthew,Morris,Matthew_Morris@boyle-novak.com,19981111
Blackburn_95aa2,Cindy,Blackburn,Cindy_Blackburn@bolton.net,20000808
Jacobson_10068,Matthew,Jacobson,Matthew_Jacobson@bishop-thomas.com,19511212
Jones_c6f5d,Stacy,Jones,Stacy_Jones@perez.com,19940909
Zimmerman_7a19b,Scott,Zimmerman,Scott_Zimmerman@fischer.com,19563030
Silva_8f43b,Dakota,Silva,Dakota_Silva@barker-miller.com,19790707
Spencer_21043,Jacob,Spencer,Jacob_Spencer@jefferson.net,19622626
Oliver_88a06,Matthew,Oliver,Matthew_Oliver@mitchell.com,19722323
Maddox_f3941,Roger,Maddox,Roger_Maddox@richards.com,19812626
Gutierrez_6ed43,Bryan,Gutierrez,Bryan_Gutierrez@short-huerta.net,19881818
Schultz_009c6,Peter,Schultz,Peter_Schultz@shah.com,19572929
Burke_bca93,Justin,Burke,Justin_Burke@johnson.com,19960202
Ramsey_a878c,Sarah,Ramsey,Sarah_Ramsey@hayes.com,19642222
Chang_ed878,Michael,Chang,Michael_Chang@watkins.com,19900909
Hughes_857b6,Pamela,Hughes,Pamela_Hughes@rivas-garza.com,19571616
Morris_d4f76,Jimmy,Morris,Jimmy_Morris@hall-watkins.com,19642020
Romero_87cc6,Lauren,Romero,Lauren_Romero@davis.com,20022525
Jones_70691,Adam,Jones,Adam_Jones@kline-reeves.com,19570707
Murphy_916e8,Matthew,Murphy,Matthew_Murphy@graham.com,19601616
Arroyo_08a19,Jessica,Arroyo,Jessica_Arroyo@flores-evans.com,20021919
Zuniga_a384b,Caleb,Zuniga,Caleb_Zuniga@stone.net,19682828
Moreno_c60fb,Cheyenne,Moreno,Cheyenne_Moreno@hampton.com,19601212
Lopez_0750d,Courtney,Lopez,Courtney_Lopez@sanders.com,19711010
Williamson_2876e,Kenneth,Williamson,Kenneth_Williamson@perez.com,19540303
Browning_a9238,Bruce,Browning,Bruce_Browning@robertson-baldwin.com,19631313
Gilbert_2088f,Shannon,Gilbert,Shannon_Gilbert@brown-schaefer.com,19921313
Brown_22a66,Amanda,Brown,Amanda_Brown@williams.com,19541818
Gomez_904a5,Riley,Gomez,Riley_Gomez@hoffman.com,19811111
Price_9ee62,Shelby,Price,Shelby_Price@fuller.net,19860707
Harris_fe3c1,Scott,Harris,Scott_Harris@mullins.com,19901414
Franklin_14efc,Bonnie,Franklin,Bonnie_Franklin@gillespie.com,19881414
Morris_39c46,Ashley,Morris,Ashley_Morris@marshall.net,20020101
Jensen_f788f,Jack,Jensen,Jack_Jensen@kent-williamson.net,19602929
Armstrong_26f90,Daniel,Armstrong,Daniel_Armstrong@brown.com,19821414
Donovan_e4dfb,Susan,Donovan,Susan_Donovan@jordan-anderson.com,19693030
Powell_2eb05,Michael,Powell,Michael_Powell@mccall.com,19942727
Lowe_8b819,Alexander,Lowe,Alexander_Lowe@morris.com,19610808
