id,first_name,last_name,email,date_of_birth
Wilson_01813,Aaron,Wilson,Aaron_Wilson@burke-benton.net,19871717
Lee_64b8b,Samuel,Lee,Samuel_Lee@gardner-rodriguez.net,19740202
Weaver_e5042,Jennifer,Weaver,Jennifer_Weaver@patterson.com,19781515
Hamilton_f8a79,Leonard,Hamilton,Leonard_Hamilton@brown.com,19882929
Phillips_ae564,Kathy,Phillips,Kathy_Phillips@floyd.com,19841616
Jimenez_42345,Jennifer,Jimenez,Jennifer_Jimenez@morgan.com,19922121
Lawson_dc5e0,Victoria,Lawson,Victoria_Lawson@snyder.com,19540404
Martinez_a4ec5,Michael,Martinez,Michael_Martinez@hogan.net,19520707
Jones_6fe92,Paul,Jones,Paul_Jones@clark-irwin.com,19941515
Tran_4db8d,Danielle,Tran,Danielle_Tran@mann.com,19882626
Freeman_1d6e3,Jeff,Freeman,Jeff_Freeman@guzman.com,20032020
Jones_c891a,Marissa,Jones,Marissa_Jones@lewis.net,19580606
Roy_0f092,Elijah,Roy,Elijah_Roy@jones-baldwin.com,19870505
Simpson_a4f15,Courtney,Simpson,Courtney_Simpson@preston-cantrell.com,19730303
Hopkins_e307f,Kimberly,Hopkins,Kimberly_Hopkins@adams.com,19932222
King_1ab28,William,King,William_King@cline-allen.com,19841515
Robertson_eadba,Stephanie,Robertson,Stephanie_Robertson@owen-rodriguez.com,20020505
Hill_474ca,Rickey,Hill,Rickey_Hill@parker-cohen.com,19643030
Stewart_74483,Erika,Stewart,Erika_Stewart@solis.com,19852626
Johnson_569f4,Christina,Johnson,Christina_Johnson@clark.com,20012222
Wells_9acfc,Kelli,Wells,Kelli_Wells@jones.com,19540808
Archer_a766d,Nathan,Archer,Nathan_Archer@gray.com,19562323
Kline_50955,Michael,Kline,Michael_Kline@phelps-alvarez.com,19652323
Rodriguez_b7466,Joshua,Rodriguez,Joshua_Rodriguez@thornton-benitez.com,19531717
Rodriguez_0dc40,James,Rodriguez,James_Rodriguez@logan.com,19811717
Ortega_916e8,Robert,Ortega,Robert_Ortega@perez.com,19601616
Ruiz_91f1f,Teresa,Ruiz,Teresa_Ruiz@holmes.com,19510404
Mejia_37864,Madison,Mejia,Madison_Mejia@sims.com,19532323
Bailey_9ee62,James,Bailey,James_Bailey@flynn.net,19860707
Perry_e8625,Mary,Perry,Mary_Perry@williams.net,19730808
Jones_6aa9b,Crystal,Jones,Crystal_Jones@webb.com,19621414
Brown_94e03,Aaron,Brown,Aaron_Brown@yates.com,19860202
Barajas_98f4a,Tanya,Barajas,Tanya_Barajas@davis.com,19743030
Rasmussen_ff1ad,Samantha,Rasmussen,Samantha_Rasmussen@stokes-leon.com,19942121
Martin_6466e,Vincent,Martin,Vincent_Martin@wright-lee.com,19842424
Crawford_12cfd,Tony,Crawford,Tony_Crawford@moore.com,19871818
Sullivan_d9047,Randy,Sullivan,Randy_Sullivan@perez.net,19612525
Thompson_78bf8,Kimberly,Thompson,Kimberly_Thompson@brewer-walters.net,20001111
Compton_573d6,Martin,Compton,Martin_Compton@morgan.com,19840202
Brown_88a06,Tracy,Brown,Tracy_Brown@joyce.com,19722323
Preston_39f09,Leslie,Preston,Leslie_Preston@johns.com,19721010
Parker_c10e2,Jay,Parker,Jay_Parker@fowler.net,19933030
Williams_e8ac0,Lance,Williams,Lance_Williams@williams.net,19730707
Allen_dea85,Kathleen,Allen,Kathleen_Allen@cook.com,19861313
Lamb_4550a,Marie,Lamb,Marie_Lamb@hampton.com,19791010
Flores_985dc,Nathan,Flores,Nathan_Flores@gibbs.net,19790909
Caldwell_d017b,Ashley,Caldwell,Ashley_Caldwell@mason-bryant.com,19880303
Martin_5d2fe,Renee,Martin,Renee_Martin@crawford-walker.com,19812121
Parker_7c9d5,Keith,Parker,Keith_Parker@moore.com,19642626
Levy_b07d5,Melissa,Levy,Melissa_Levy@arroyo.com,19503030
Powell_fe4b6,Brandon,Powell,Brandon_Powell@craig-gonzales.net,19760606
Stone_42753,Kimberly,Stone,Kimberly_Stone@murphy-bryant.com,19941212
Jones_54db6,Adam,Jones,Adam_Jones@ashley.com,19731616
Andersen_e4c57,Elizabeth,Andersen,Elizabeth_Andersen@baker.com,19742323
Lutz_42753,Destiny,Lutz,Destiny_Lutz@thompson-wright.com,19941212
Allen_144b5,Brandy,Allen,Brandy_Allen@hardy-griffin.com,19811313
Decker_25afb,Stephanie,Decker,Stephanie_Decker@barrett.net,19770505
Keller_f6157,Michelle,Keller,Michelle_Keller@johnson.com,19510707
Yates_5eb43,Stacey,Yates,Stacey_Yates@lewis.com,19920808
Lee_6baa2,Sue,Lee,Sue_Lee@rojas.com,19862929
Long_64885,Anna,Long,Anna_Long@coleman.com,19741616
Watson_12b65,Annette,Watson,Annette_Watson@brown-brennan.com,19582323
Thomas_893d8,James,Thomas,James_Thomas@torres.net,19520909
Olson_6185c,Kelli,Olson,Kelli_Olson@campbell.net,19962323
Reid_65f26,Becky,Reid,Becky_Reid@vargas.net,19752727
Shaw_20e65,Wesley,Shaw,Wesley_Shaw@henderson-gibson.com,19832121
Boyd_a384b,Pamela,Boyd,Pamela_Boyd@freeman.com,19682828
Lewis_f0619,Jeremy,Lewis,Jeremy_Lewis@murray.com,19530707
Garza_1c298,Jennifer,Garza,Jennifer_Garza@herrera-klein.com,19890303
Perry_54111,Joseph,Perry,Joseph_Perry@tucker.com,19511616
Herman_0ab62,Heather,Herman,Heather_Herman@williams-lindsey.com,19710606
Lopez_456bf,Laura,Lopez,Laura_Lopez@rodriguez.com,19902121
Barnes_d28aa,Reginald,Barnes,Reginald_Barnes@walker-robinson.com,19731414
Weaver_60d53,Robert,Weaver,Robert_Weaver@young-leonard.com,19821818
Martinez_e7b35,Beth,Martinez,Beth_Martinez@johnson.com,19682525
Ware_0101e,Spencer,Ware,Spencer_Ware@montgomery-lane.com,19800909
Erickson_6674b,Willie,Erickson,Willie_Erickson@bartlett.com,19911010
Nguyen_84007,Daniel,Nguyen,Daniel_Nguyen@mccall.com,19590303
Martinez_6b022,Leonard,Martinez,Leonard_Martinez@mcbride.com,19562222
Stephens_eccac,Robert,Stephens,Robert_Stephens@lopez.com,20001919
Chen_f6e85,Daniel,Chen,Daniel_Chen@little.com,19521616
Dalton_23eaf,Samuel,Dalton,Samuel_Dalton@marquez.com,19961616
Bennett_eadba,Heather,Bennett,Heather_Bennett@hamilton-blair.com,20020505
King_3211d,Joshua,King,Joshua_King@hale.net,20000606
Blake_1a06c,Crystal,Blake,Crystal_Blake@parker.com,19701717
Evans_8f6c7,Amanda,Evans,Amanda_Evans@cox.com,19592424
Day_a9107,Sergio,Day,Sergio_Day@guzman-garrett.com,19513131
Boyd_d3661,Julie,Boyd,Julie_Boyd@white-george.com,19690606
Watkins_78bf8,Logan,Watkins,Logan_Watkins@hernandez.com,20001111
Ortiz_fd5a7,Steven,Ortiz,Steven_Ortiz@hamilton.com,19670505
Marquez_90127,Lisa,Marquez,Lisa_Marquez@day-smith.com,19712626
Martin_48e7e,Jennifer,Martin,Jennifer_Martin@moore.com,19832727
Chandler_70e61,Arthur,Chandler,Arthur_Chandler@martin.com,19611010
Hudson_e7006,Ronald,Hudson,Ronald_Hudson@carson.com,19510303
Lee_9aa91,Jennifer,Lee,Jennifer_Lee@guerra-lopez.com,19500404
Yoder_35187,Gregory,Yoder,Gregory_Yoder@robinson-johnson.com,19532020
Harmon_3ffc7,Carolyn,Harmon,Carolyn_Harmon@watts-horn.com,19982424
Harrell_ab514,Christopher,Harrell,Christopher_Harrell@lindsey.com,19703030
Johnson_6d64c,Kevin,Johnson,Kevin_Johnson@rogers.com,19930202
Harrison_77a14,Michael,Harrison,Michael_Harrison@franklin.com,19511919
Moore_4908c,Terry,Moore,Terry_Moore@barker-ayers.com,19871515
Rogers_f45ef,James,Rogers,James_Rogers@green.net,19930404
Tran_e9e53,Kathleen,Tran,Kathleen_Tran@wilson.net,19741111
Conway_ed794,Jacqueline,Conway,Jacqueline_Conway@robinson-carson.com,19711717
Cole_e7006,Maxwell,Cole,Maxwell_Cole@larson.com,19510303
Williamson_5a1c3,Bethany,Williamson,Bethany_Williamson@flores.com,19541010
Wright_4c785,Joseph,Wright,Joseph_Wright@powell.net,19572121
Bolton_5cbc0,Heidi,Bolton,Heidi_Bolton@spencer.com,19561616
Lewis_25afb,Daniel,Lewis,Daniel_Lewis@robertson.com,19770505
Ramirez_a6bff,Dale,Ramirez,Dale_Ramirez@patton.com,19552323
Sharp_2c734,Carol,Sharp,Carol_Sharp@garcia-lamb.com,19751212
Buck_18f80,Joseph,Buck,Joseph_Buck@jacobs.com,19521111
Anderson_68429,Lynn,Anderson,Lynn_Anderson@williams-carter.com,19961313
Harris_4dc1c,Sarah,Harris,Sarah_Harris@thomas-sanchez.com,20013030
Owens_d0111,Victor,Owens,Victor_Owens@collins.com,19961515
Koch_03e38,Kimberly,Koch,Kimberly_Koch@rodriguez.net,19872525
Obrien_9a204,Allison,Obrien,Allison_Obrien@bailey-sanders.com,19622323
Rogers_664bc,John,Rogers,John_Rogers@oneill.com,19710505
Collins_7b802,Janet,Collins,Janet_Collins@farrell.com,19842121
Lawson_4e356,Kristin,Lawson,Kristin_Lawson@salinas.com,19761111
Castaneda_7c9d5,James,Castaneda,James_Castaneda@miller-hart.com,19642626
Ortiz_26595,Robert,Ortiz,Robert_Ortiz@saunders-hunter.com,19760808
Harper_7ce2f,Connie,Harper,Connie_Harper@lewis.com,19952727
Burns_7303a,Debbie,Burns,Debbie_Burns@salinas.com,19830606
Preston_e0105,Gabriel,Preston,Gabriel_Preston@black.com,19962020
Orozco_01813,Brandon,Orozco,Brandon_Orozco@greene.com,19871717
Nguyen_e4842,Kari,Nguyen,Kari_Nguyen@farley.com,19991919
Hill_0f092,Brittany,Hill,Brittany_Hill@rogers-hoffman.com,19870505
Martinez_d9d4f,Carrie,Martinez,Carrie_Martinez@hendrix.com,19742424
White_10c2c,Linda,White,Linda_White@moore.com,19751515
Spencer_66517,Jake,Spencer,Jake_Spencer@murphy.com,20020909
Chan_64c68,Joseph,Chan,Joseph_Chan@hutchinson-gutierrez.com,19662222
Ali_bca93,Kathleen,Ali,Kathleen_Ali@horn-rogers.com,19960202
Stephens_0620b,Danielle,Stephens,Danielle_Stephens@miller.net,19612929
Schaefer_eb125,Brianna,Schaefer,Brianna_Schaefer@nelson-mcmahon.com,19760303
Morris_77eca,Angela,Morris,Angela_Morris@murray.com,19760202
Smith_a9107,Jessica,Smith,Jessica_Smith@walsh-steele.com,19513131
Long_73461,Brenda,Long,Brenda_Long@carter.net,19511414
Taylor_16ae7,Megan,Taylor,Megan_Taylor@montgomery.com,19931010
Morales_e56c9,Kelly,Morales,Kelly_Morales@sanchez.com,19802727
Johnson_08964,Sheri,Johnson,Sheri_Johnson@lucas.com,19882222
Pacheco_900bd,Lori,Pacheco,Lori_Pacheco@ayala.com,19623030
Schmidt_72937,Sandra,Schmidt,Sandra_Schmidt@herrera.com,19591111
Hill_6dda4,Rachel,Hill,Rachel_Hill@gutierrez.com,19540202
Case_4858c,Emily,Case,Emily_Case@lewis.com,19850808
Alvarez_a4425,Seth,Alvarez,Seth_Alvarez@conrad.com,19800808
Reyes_e8e22,Jose,Reyes,Jose_Reyes@garcia.com,19702929
Le_5863e,Zachary,Le,Zachary_Le@whitaker.com,19852828
Anthony_25878,Rhonda,Anthony,Rhonda_Anthony@lawson.com,19741515
Hill_29aaa,Joseph,Hill,Joseph_Hill@rodriguez-newton.com,20022323
Davis_4ba3e,Erin,Davis,Erin_Davis@sanchez.net,19601717
Brown_abf76,Lucas,Brown,Lucas_Brown@miller.com,19890101
Garcia_36ac2,William,Garcia,William_Garcia@powell.com,19851212
Swanson_96f9e,Lauren,Swanson,Lauren_Swanson@pena-pierce.com,19612121
Frank_0190e,John,Frank,John_Frank@martin.com,19501919
Schmidt_773eb,Nicole,Schmidt,Nicole_Schmidt@stephens.com,19650909
Gray_11368,Nathan,Gray,Nathan_Gray@scott-gonzalez.com,19961818
Delgado_dc3d3,Nichole,Delgado,Nichole_Delgado@dixon-cruz.com,19720505
Rodriguez_ff6e9,Marcus,Rodriguez,Marcus_Rodriguez@jones.com,19691111
Solomon_48b31,Samuel,Solomon,Samuel_Solomon@wolf.net,19873030
Miller_9acfc,Katrina,Miller,Katrina_Miller@grimes.com,19540808
Conner_17546,Raymond,Conner,Raymond_Conner@oneal-johnson.com,19972828
Fuller_9068b,Lori,Fuller,Lori_Fuller@gordon.com,19680101
Wilson_111ed,Corey,Wilson,Corey_Wilson@hoover-hernandez.com,19531111
James_330a6,Holly,James,Holly_James@macdonald.com,19640404
Mccarty_67cb2,Alicia,Mccarty,Alicia_Mccarty@beasley.com,19821616
Christian_e4842,Zoe,Christian,Zoe_Christian@grant.com,19991919
Watson_321a6,Nicholas,Watson,Nicholas_Watson@williams.com,19620303
Wood_9be45,Victoria,Wood,Victoria_Wood@proctor-baker.com,19912222
Knight_31b27,Jillian,Knight,Jillian_Knight@davenport.com,19880808
Fisher_48b31,Ryan,Fisher,Ryan_Fisher@fletcher.com,19873030
Howe_473c4,Stephanie,Howe,Stephanie_Howe@allen.com,19630505
Kim_c0e4a,Kenneth,Kim,Kenneth_Kim@duran.com,19990505
Macias_28024,Andrew,Macias,Andrew_Macias@douglas.com,19661313
Huffman_4864c,Elizabeth,Huffman,Elizabeth_Huffman@zamora.com,19581818
Stone_f3320,Christina,Stone,Christina_Stone@medina.com,19932020
Merritt_a631e,Alexander,Merritt,Alexander_Merritt@butler.net,19801313
Sanders_35085,Kelly,Sanders,Kelly_Sanders@coleman.com,19521313
Jones_ca037,Matthew,Jones,Matthew_Jones@arnold.com,20001515
David_1e8ec,Sarah,David,Sarah_David@collier.net,19981616
Barajas_f3941,Carmen,Barajas,Carmen_Barajas@smith.com,19812626
Johnson_a3b3b,Angela,Johnson,Angela_Johnson@stewart.com,19842727
Sparks_6d64c,Melissa,Sparks,Melissa_Sparks@sanchez-stevenson.com,19930202
Hill_eaa6b,Katherine,Hill,Katherine_Hill@tran.com,19831818
Hart_b57ba,Kristin,Hart,Kristin_Hart@ortega.com,19661717
Ho_ba5cf,Jacqueline,Ho,Jacqueline_Ho@henry.com,19613131
Knight_1f46e,Michael,Knight,Michael_Knight@davidson.com,19870808
Arroyo_985dc,Heather,Arroyo,Heather_Arroyo@martinez.com,19790909
Larson_f2697,Lori,Larson,Lori_Larson@flowers.com,19630707
Vazquez_b9666,David,Vazquez,David_Vazquez@davila-beck.com,19901212
Hicks_c1642,Sherry,Hicks,Sherry_Hicks@stout-nicholson.com,19612727
Davila_370ac,Sarah,Davila,Sarah_Davila@nash.com,19790606
Oneill_d97d3,Karen,Oneill,Karen_Oneill@gomez.com,19920404
Mills_5c8a5,Nicholas,Mills,Nicholas_Mills@williams.com,19630101
Montgomery_c0fec,Jennifer,Montgomery,Jennifer_Montgomery@estrada-cole.com,19711515
Bailey_fa15a,Cynthia,Bailey,Cynthia_Bailey@oneill.com,19792525
Wright_1439e,John,Wright,John_Wright@harris.com,19831919
Brown_413f8,Sheila,Brown,Sheila_Brown@stevens-edwards.com,19822828
Moore_540b7,Lisa,Moore,Lisa_Moore@ramos.com,19941919
Newman_11774,Julian,Newman,Julian_Newman@haynes.com,19581313
Ferguson_eebb5,Thomas,Ferguson,Thomas_Ferguson@guzman.com,19591313
Rodriguez_1f44b,Lauren,Rodriguez,Lauren_Rodriguez@soto.com,19931616
Anderson_2ead7,Richard,Anderson,Richard_Anderson@white.com,19580707
Lee_8f8e8,Jessica,Lee,Jessica_Lee@brown-baxter.com,19672424
Allen_93b7b,Martin,Allen,Martin_Allen@steele.com,20022424
Mitchell_55d5c,Angela,Mitchell,Angela_Mitchell@moreno-evans.com,19690505
Sanchez_d51d5,Derrick,Sanchez,Derrick_Sanchez@mitchell.com,19702424
Ellis_cefaa,Christine,Ellis,Christine_Ellis@blackwell.com,19981717
Salinas_ee19f,Alyssa,Salinas,Alyssa_Salinas@robbins.com,19981010
Walsh_f061f,Kevin,Walsh,Kevin_Walsh@hamilton.net,19920505
Knox_cebc1,Kenneth,Knox,Kenneth_Knox@zamora.com,19992626
Mitchell_65f26,Steve,Mitchell,Steve_Mitchell@adkins-russell.com,19752727
Hendricks_f0945,Craig,Hendricks,Craig_Hendricks@garcia-higgins.com,19951818
Kerr_edf1b,Ricky,Kerr,Ricky_Kerr@gonzalez-martinez.com,19512525
Aguilar_d3661,Gloria,Aguilar,Gloria_Aguilar@dorsey-donaldson.com,19690606
Knight_c8ccd,Alexander,Knight,Alexander_Knight@doyle.com,19741212
Cross_57d37,Joseph,Cross,Joseph_Cross@mason-shaw.net,19532626
Myers_7ab15,Joel,Myers,Joel_Myers@smith-willis.net,19722020
Mckee_f5e72,Michael,Mckee,Michael_Mckee@gordon.com,20001717
Park_f52e6,Roy,Park,Roy_Park@rodriguez-west.com,19552929
Castro_3861b,Jonathan,Castro,Jonathan_Castro@sandoval.com,19700909
Carroll_ad8ce,Richard,Carroll,Richard_Carroll@massey-gardner.com,19612626
Fletcher_4824b,Michelle,Fletcher,Michelle_Fletcher@anderson.com,19832424
Murphy_06a87,Carol,Murphy,Carol_Murphy@lowe.com,19641717
Russell_97331,Michael,Russell,Michael_Russell@orozco.com,19680808
Andrews_bd5f4,Shawna,Andrews,Shawna_Andrews@freeman.com,19981515
Hernandez_e97e7,Dana,Hernandez,Dana_Hernandez@jackson.com,19942626
Harris_b1543,Lauren,Harris,Lauren_Harris@long.com,19781111
Morales_1d6e3,Sean,Morales,Sean_Morales@molina.com,20032020
Mendoza_fa205,John,Mendoza,John_Mendoza@mahoney.com,19851919
Mcdaniel_ac491,Sierra,Mcdaniel,Sierra_Mcdaniel@mata.com,20031313
Smith_5d967,Wendy,Smith,Wendy_Smith@smith-webb.com,19702828
Diaz_ca706,Leslie,Diaz,Leslie_Diaz@thomas-shelton.com,19573030
Snyder_24b2e,Grant,Snyder,Grant_Snyder@gonzales.com,19733131
Jenkins_06673,Brandi,Jenkins,Brandi_Jenkins@miller.com,19652828
Haynes_0edc4,Amy,Haynes,Amy_Haynes@levy.com,19601414
Roberts_ca014,John,Roberts,John_Roberts@hendricks.com,19541515
Nelson_6297a,Carrie,Nelson,Carrie_Nelson@archer-murphy.com,19510909
Hood_4aaa9,Jacob,Hood,Jacob_Hood@evans.com,19560808
Charles_73b8a,Tracy,Charles,Tracy_Charles@rowe.com,19930808
Johnson_7290c,Brandon,Johnson,Brandon_Johnson@ramirez.com,19850303
Nelson_5cd03,Wendy,Nelson,Wendy_Nelson@day.com,19650808
Ramsey_42a4f,Jasmine,Ramsey,Jasmine_Ramsey@jackson.com,19500707
Beltran_b3599,William,Beltran,William_Beltran@bean.com,19851313
Stuart_f4c23,Gerald,Stuart,Gerald_Stuart@strong.net,19951010
Vaughan_c2800,Jacob,Vaughan,Jacob_Vaughan@martinez.com,19830808
Fuentes_5c57b,Matthew,Fuentes,Matthew_Fuentes@miranda.com,19662929
Carpenter_b2db1,April,Carpenter,April_Carpenter@page.com,19712929
Garcia_7645f,Rachel,Garcia,Rachel_Garcia@neal.com,19962121
Madden_c938e,Patrick,Madden,Patrick_Madden@sanders.com,19940101
Myers_a091f,Angela,Myers,Angela_Myers@rodriguez.com,19742626
Baker_35cf3,Wayne,Baker,Wayne_Baker@brown.com,19672727
Cox_fbd42,Haley,Cox,Haley_Cox@lewis.com,19640101
Sanders_ab6b7,Dan,Sanders,Dan_Sanders@klein-hernandez.com,19501313
Fisher_31603,Thomas,Fisher,Thomas_Fisher@phillips.com,19851515
Lopez_956dc,Taylor,Lopez,Taylor_Lopez@jones-salazar.com,19572222
Macias_c891a,Jeffrey,Macias,Jeffrey_Macias@cox.com,19901010
Drake_4e9e1,Brian,Drake,Brian_Drake@hurst-price.net,19620202
Jordan_140c5,Timothy,Jordan,Timothy_Jordan@young.com,19992828
Leblanc_0f770,Kathy,Leblanc,Kathy_Leblanc@warren-gray.com,19812727
Floyd_38f33,William,Floyd,William_Floyd@duran.com,19721313
Hayden_6185c,Angela,Hayden,Angela_Hayden@barry.net,19962323
Hodges_e5458,Renee,Hodges,Renee_Hodges@hamilton.com,19872828
Miller_7354f,Samantha,Miller,Samantha_Miller@mcmahon.com,19650606
Orozco_072db,Lauren,Orozco,Lauren_Orozco@sanchez.com,20002626
Owen_2be57,April,Owen,April_Owen@sanchez.com,19672323
Russell_c5063,Evan,Russell,Evan_Russell@ferguson.net,19592020
Castaneda_2ead7,Brent,Castaneda,Brent_Castaneda@garcia.com,19580707
Peters_8af9d,Gregory,Peters,Gregory_Peters@ray.net,19900202
Salazar_ad9d6,Matthew,Salazar,Matthew_Salazar@jones-jones.com,19991111
Martinez_eeb5f,Natasha,Martinez,Natasha_Martinez@west.com,19681818
Powell_afc91,Charles,Powell,Charles_Powell@knight.com,19970606
Powell_9a652,Brian,Powell,Brian_Powell@hernandez.com,19591515
Sandoval_dea85,Laura,Sandoval,Laura_Sandoval@brown.com,19861313
Gonzalez_bc4a4,Charles,Gonzalez,Charles_Gonzalez@navarro.com,19710404
Caldwell_d349c,Nicholas,Caldwell,Nicholas_Caldwell@hurley-bass.com,19771414
Wyatt_3ae81,Brian,Wyatt,Brian_Wyatt@wright-young.com,19581111
Garcia_095ee,Ryan,Garcia,Ryan_Garcia@vazquez-wells.com,19931515
Anderson_e8e22,Megan,Anderson,Megan_Anderson@wilson-murillo.com,19702929
Hughes_08c3e,Pamela,Hughes,Pamela_Hughes@charles-costa.com,19871313
Scott_00c66,Tiffany,Scott,Tiffany_Scott@davis.com,19861010
Conway_5247d,Stanley,Conway,Stanley_Conway@adams.com,19850505
Petty_bb819,Yolanda,Petty,Yolanda_Petty@dunlap-brown.com,19912525
Jones_7290c,Tara,Jones,Tara_Jones@blankenship.net,19850303
Williams_0a7f4,George,Williams,George_Williams@patton.com,19811919
Allen_3bf40,Lori,Allen,Lori_Allen@valdez-phillips.com,20021616
Kelly_91ac7,Charles,Kelly,Charles_Kelly@dalton.com,19690101
Villa_1f25d,Jonathan,Villa,Jonathan_Villa@suarez.com,19750303
Jackson_35cf3,Cindy,Jackson,Cindy_Jackson@garcia-burch.com,19672727
Williams_a4425,Scott,Williams,Scott_Williams@keller-wong.com,19800808
Hernandez_b097e,Dylan,Hernandez,Dylan_Hernandez@singleton-johnson.com,19950101
Garcia_a4812,Michelle,Garcia,Michelle_Garcia@lynch.com,19801717
Bailey_e5458,Matthew,Bailey,Matthew_Bailey@benjamin.com,19872828
Flynn_14a9c,Curtis,Flynn,Curtis_Flynn@cook-drake.com,19782626
Perez_ffe79,Thomas,Perez,Thomas_Perez@greene-lopez.com,19632020
Kline_c6f5d,Sheri,Kline,Sheri_Kline@hinton.com,19940909
Baker_8f8e8,Jeff,Baker,Jeff_Baker@bentley.com,19672424
Thomas_dde0e,Shannon,Thomas,Shannon_Thomas@dawson-alexander.com,19680303
Murray_cb0ac,Jeffrey,Murray,Jeffrey_Murray@jones.net,19822121
Wagner_008e3,Kristin,Wagner,Kristin_Wagner@clayton.com,19972929
Shea_43978,Nicole,Shea,Nicole_Shea@mcclure.com,19560202
